{"scores": [291.9437782026703, 54.9967791103177, 258.82792453614746, 169.83552935283885, 256.03504170113933, 288.52092733855284, 178.5197005485906, 247.335003457975, 218.96467917269655, 245.05953907901443, 263.13530684872325, 244.52004909888245, 290.90639053143275, 238.44591765329807, 226.82914048863677, 241.37839651465393, 290.3548264971485, -156.08715266579017, 308.9426472194598, 289.5727724446782, 224.0582343628813, 285.18306648142095, 224.3821243765869, 268.5950937593508, 248.6208873168437, 253.39708815616882], "eps_history": [0.01, 0.01, 0.01, 0.01, 0.01, 0.01, 0.01, 0.01, 0.01, 0.01, 0.01, 0.01, 0.01, 0.01, 0.01, 0.01, 0.01, 0.01, 0.01, 0.01, 0.01, 0.01, 0.01, 0.01, 0.01, 0.01], "avg_scores": [291.9437782026703, 173.47027865649397, 201.92282728304517, 193.9010028004936, 206.32781058062272, 220.0266633736111, 214.09709725575104, 218.251835531029, 218.3310403801032, 221.0038902499943, 224.83401903169695, 226.47452153729571, 231.43081915222936, 231.9318976165914, 231.59171380806112, 232.20338147722313, 235.62405471368933, 213.86232097038493, 218.86654866770465, 222.4018598565533, 222.48073483304512, 225.33084081706218, 225.28959227617196, 227.09398817130443, 227.955064137126, 228.9336035224738]}