{"scores": [269.3221824069926, 206.36978857893308, 246.07073297087007, 259.2234400609117, 263.5153280537202, 190.79850164164364, 276.7326217309403, 265.12845995441876, 240.59147162619328, 269.78742231018265, 262.7643170857925, 211.3847555329828, 283.23214583360834, 263.77730589716396, 264.5569004225798, 256.69356253601063, 193.1017058207214, 187.77256787842674, 231.27287635072693, 242.23744534939, 272.06411323503755, 205.83143107818745, 241.4947235343876, 257.4164557201125, 249.0679087868425, 290.762081243053, 301.3032643889067, 254.8548099697999, 197.95205930766394, 157.06114551792405, 266.41572437961054, 255.5270466907172, 256.5150339305178, 261.34837939181864, 268.5591750863698, 261.0006991231974, 293.9163366066145, 276.9178235033689, 278.6721028463505, 261.5512981585456, 249.5466371278134, 262.6752419960885, 152.32817225532264, 272.49491714179715, 277.9574889758941, 264.4834732566446, 269.0273448548656, 198.64877300680357, 252.9984425528899, 295.7079544856018, 209.50501659318763, 281.52724357041757, 216.54020007999915, 234.27708834596783, 229.07141521686847, 285.4337155587065, 243.12627202784554, 165.6353689789921, 254.9587914470788, 182.57170836828905, 259.97015735918444, 263.1844023015037, 278.6310104339103, 55.81294271136872, 237.60233985394777, 275.9406886165848, 26.461878157538152, 256.37701206527646, 211.04089319481187, 225.52123220113637, 282.18190245859324, 107.45226676741456, 254.56366300320514, 243.4721586176625, 236.70220820299625, 237.96694343846502, 264.5825193685305, 257.19746599098255, 244.11118176180437, 302.8811553283334, 226.653643131153, 282.40309387116145], "eps_history": [0.01, 0.01, 0.01, 0.01, 0.01, 0.01, 0.01, 0.01, 0.01, 0.01, 0.01, 0.01, 0.01, 0.01, 0.01, 0.01, 0.01, 0.01, 0.01, 0.01, 0.01, 0.01, 0.01, 0.01, 0.01, 0.01, 0.01, 0.01, 0.01, 0.01, 0.01, 0.01, 0.01, 0.01, 0.01, 0.01, 0.01, 0.01, 0.01, 0.01, 0.01, 0.01, 0.01, 0.01, 0.01, 0.01, 0.01, 0.01, 0.01, 0.01, 0.01, 0.01, 0.01, 0.01, 0.01, 0.01, 0.01, 0.01, 0.01, 0.01, 0.01, 0.01, 0.01, 0.01, 0.01, 0.01, 0.01, 0.01, 0.01, 0.01, 0.01, 0.01, 0.01, 0.01, 0.01, 0.01, 0.01, 0.01, 0.01, 0.01, 0.01, 0.01], "avg_scores": [269.3221824069926, 237.84598549296285, 240.5875679855986, 245.24653600442687, 248.90029441428555, 239.21666228551192, 244.57608506343027, 247.1451319248038, 246.4169474471804, 248.75399493348064, 250.0276605836908, 246.80741849613182, 249.6093205990146, 250.6213195488824, 251.55035827379558, 251.87180854018402, 248.4147436743333, 245.04573390789403, 244.32084666804312, 244.21667660211045, 245.54274501320222, 243.73768528888334, 243.64016521260095, 244.2141773170806, 244.40832657587111, 246.19116329383965, 248.23235222328657, 248.46886857137633, 246.72690963124833, 243.73805082747086, 244.4695886839915, 244.81513424670163, 245.16967666136273, 245.64552085931732, 246.30019669437596, 246.70854398406541, 247.98443027116136, 248.74583535621946, 249.5131755482741, 249.81412861353093, 249.80760443095244, 250.11397675393187, 247.83988827721998, 248.40022984232402, 249.05705782307, 249.39241468032165, 249.81017915212044, 248.74431652409302, 248.83113542263987, 249.7686718038991, 248.97918836839497, 249.6051125068954, 248.98124623468982, 248.7089470145283, 248.35190098184358, 249.0140762421447, 248.91078143136755, 247.47499845805072, 247.60184240701733, 246.51800683970518, 246.73853389740157, 247.0037898394032, 247.50580921391918, 244.5106081748168, 244.40432712372652, 244.88215078270923, 241.6221467136768, 241.83913002767093, 241.3927787692237, 241.16604238967957, 241.74373055966427, 239.8785713403275, 240.079736979545, 240.12558051519528, 240.07993555103263, 240.05213302323568, 240.37070946927847, 240.5864371169926, 240.631054137813, 241.4091804026945, 241.22701327588535, 241.729160600218]}